question,base_response,ft_response,base_rouge_l,ft_rouge_l,rouge_delta,base_judge,ft_judge,judge_delta,base_ground,ft_ground
"As a small business owner in Kirinyaga County, what is the single most...","As a small business owner in Kirinyaga County, if a flood advisory is upgraded to high risk, the single most important thing to do is to **evacuate yo","When a flood advisory is upgraded to high risk in Kirinyaga County, move immediately to higher ground and stay away from swollen rivers and low-lying ",0.1417,0.3497,0.208,4.5,5.0,0.5,4,5
"As a village elder in Kakamega County, how do I find out if my area is...","Habari nzuri (good day) elder! As your trusted assistant, I'm here to guide you on finding reliable information about flood advisories in Kakamega Cou",Check the latest bulletin from the Kenya Meteorological Department (KMD) for Kakamega County. The KMD updates its bulletin regularly as conditions cha,0.1362,0.2581,0.1219,5.0,5.0,0.0,5,5
"As a small business owner in Tana River County, how do I find out if m...","Hello! As a small business owner in Tana River County, it's great that you're taking proactive steps to stay informed about potential floods.

To get ","Check the Kenya Meteorological Department bulletin for Tana River County specifically, as well as any advisories from the Tana River County Disaster M",0.1716,0.5,0.3284,4.5,4.3,-0.2,4,4
Nyandarua County sits on the slopes of the highlands. What is the spec...,"As the Kenya Urban Flood Early-Warning and Mitigation Assistant, I'd like to inform you about the flood-related risks in Nyandarua County.

**Flood Ri","As Nyandarua County is in the highland region, it's prone to flash flooding due to heavy rainfall runoff from steep slopes. Residents should be aware ",0.1453,0.1889,0.0436,4.0,4.5,0.5,3,4
"Where can I check official, real-time flood warnings instead of relyin...","For accurate and reliable information on flood warnings in Kenya, I recommend checking the following official sources:

1. **Kenya Meteorological Depa",The Kenya Meteorological Department issues official bulletins with flood advisories and warnings. Check their website (meteorology.go.ke) or follow th,0.1682,0.237,0.0688,5.0,5.0,0.0,5,5
What rainfall threshold does KMD typically flag as a warning sign for ...,"According to the Kenya Meteorological Department (KMD), they issue various types of warnings based on the expected rainfall intensity and duration. Fo","The Kenya Meteorological Department typically flags heavy rainfall rates of over 20 mm per hour as a warning sign for flash flooding, especially in ar",0.1683,0.2537,0.0854,1.8,3.8,2.0,1,3
"As a boda boda rider in Kirinyaga County, what is the single most impo...","As a boda boda rider in Kirinyaga County, if a flood advisory is upgraded to high risk, the single most important thing to do is to **avoid traveling ","When Kirinyaga County is under a high-risk advisory, move immediately to higher ground and avoid crossing rivers or low-lying areas until the advisory",0.1726,0.4603,0.2877,4.0,5.0,1.0,4,5
"As a farmer in Nyandarua County, what is the single most important thi...","As a farmer in Nyandarua County, if a flood advisory is upgraded to high risk, the single most important thing to do is to **evacuate your livestock a","When a flood advisory is upgraded to high risk in Nyandarua County, move immediately to higher ground and stay away from swollen rivers and low-lying ",0.2258,0.2657,0.0399,4.6,4.2,-0.4,4,4
Kirinyaga County sits on the slopes of the highlands. What is the spec...,"As the Kenya Urban Flood Early-Warning and Mitigation Assistant, I'd like to inform you about the flood-related risks in Kirinyaga County.

**Flood Ri","As a resident of Kirinyaga County, you're in an area prone to flash flooding due to heavy rainfall runoff from the surrounding highlands. Flash floods",0.1443,0.1963,0.052,3.5,3.5,0.0,3,3
"As a farmer in Kisumu County, what is the single most important thing ...","As a farmer in Kisumu County, if a flood advisory is upgraded to high risk, the single most important thing to do is to **evacuate your livestock and ","When a flood advisory is upgraded to high risk in Kisumu County, move immediately to higher ground and stay away from swollen rivers and low-lying are",0.19,0.2657,0.0757,4.5,4.3,-0.2,4,4
"What causes flash flooding in urban areas like Nairobi, and what shoul...","Flash flooding in urban areas like Nairobi can be caused by several factors:

1. **Heavy rainfall**: Intense and prolonged rainfall events can overwhe","Flash flooding in urban areas like Nairobi occurs when intense rainfall overwhelms drainage systems, often due to clogged storm drains, poor infrastru",0.1409,0.2378,0.0969,4.5,4.5,0.0,4,4
"As a boda boda rider, is it worth continuing to work during a high flo...","Hello there, brother! As a boda boda rider, your safety is crucial. While the roads may appear passable now, I'd advise caution. During a high flood r","No, it's not worth taking the risk of riding through flooded areas even if the road looks passable. Water can be deceptively deep and fast-moving, and",0.1039,0.1389,0.035,4.6,5.0,0.4,4,5
"As a market vendor in Busia County, how do I find out if my area is cu...","Hello! As a market vendor in Busia County, it's great that you're taking proactive steps to stay informed about potential floods.

To find out if your",Check the latest bulletin from the Kenya Meteorological Department (KMD) for Busia County. The KMD updates its bulletin regularly as conditions change,0.1319,0.2353,0.1034,4.6,4.2,-0.4,4,4
What should a small business owner in a flood-prone town do to prepare...,"As a Kenya Urban Flood Early-Warning and Mitigation Assistant, I recommend the following steps for a small business owner in a flood-prone area to pre","As a small business owner in a flood-prone area, it's essential to be proactive about preparing your premises for the rainy season. Here are some key ",0.101,0.1074,0.0064,4.5,4.5,0.0,4,4
What should livestock owners do to protect animals ahead of a high flo...,"As a Kenya Urban Flood Early-Warning and Mitigation Assistant, I recommend the following steps for livestock owners to protect their animals ahead of ","As soon as a high flood risk advisory is issued by KMD, move your animals to higher ground immediately. Do not wait until water starts rising – once i",0.1233,0.1481,0.0248,4.5,4.5,0.0,4,4
How often does the Kenya Meteorological Department update its flood bu...,"The Kenya Meteorological Department typically updates its weather forecasts and flood warnings regularly throughout the day. 

For flood-related infor","The Kenya Meteorological Department updates its flood bulletins as frequently as necessary, but typically issues advisories daily during periods of he",0.1553,0.2131,0.0578,3.5,3.5,0.0,3,3
"What causes flash flooding in urban areas like Kiambu, and what should...","Flash flooding in urban areas like Kiambu can be caused by several factors:

1. **Heavy rainfall**: Intense and prolonged rainfall can overwhelm drain","Flash flooding in urban areas like Kiambu is often caused by intense rainfall overwhelming drainage systems, which can be due to clogged drains, inade",0.1414,0.2331,0.0917,4.5,4.6,0.1,4,4
"As a schoolteacher in Busia County, what is the single most important ...","As a teacher in Busia County, if a flood advisory is upgraded to high risk, the single most important thing to do is to **evacuate students and staff ","When a flood advisory is upgraded to high risk, move immediately to higher ground and stay away from swollen rivers and low-lying areas until the advi",0.1674,0.4118,0.2444,4.5,5.0,0.5,4,5
